actual_categories,predicted_categories
fiction,fiction
fiction,fiction
fiction,fiction
fiction,fiction
fiction,fiction
fiction,fiction
fiction,fiction
fiction,fiction
fiction,fiction
fiction,fiction
fiction,fiction
fiction,fiction
fiction,fiction
fiction,fiction
fiction,fiction
fiction,fiction
fiction,fiction
fiction,fiction
fiction,fiction
fiction,fiction
fiction,fiction
fiction,fiction
fiction,fiction
fiction,fiction
fiction,fiction
fiction,fiction
fiction,fiction
fiction,fiction
fiction,fiction
fiction,fiction
fiction,fiction
fiction,fiction
fiction,fiction
fiction,fiction
fiction,fiction
fiction,fiction
fiction,fiction
fiction,fiction
fiction,fiction
fiction,fiction
fiction,fiction
fiction,fiction
fiction,fiction
fiction,fiction
fiction,fiction
fiction,fiction
fiction,fiction
fiction,fiction
fiction,fiction
fiction,fiction
fiction,fiction
fiction,fiction
fiction,fiction
fiction,fiction
fiction,fiction
fiction,fiction
fiction,fiction
fiction,fiction
fiction,fiction
fiction,fiction
fiction,fiction
fiction,fiction
fiction,fiction
fiction,fiction
fiction,fiction
fiction,fiction
fiction,fiction
fiction,fiction
fiction,fiction
fiction,fiction
fiction,fiction
fiction,fiction
fiction,fiction
fiction,fiction
fiction,fiction
fiction,fiction
fiction,fiction
fiction,fiction
fiction,fiction
fiction,fiction
fiction,fiction
fiction,fiction
fiction,fiction
fiction,fiction
fiction,fiction
fiction,fiction
fiction,fiction
fiction,fiction
fiction,fiction
fiction,fiction
fiction,fiction
fiction,fiction
fiction,fiction
fiction,fiction
fiction,fiction
fiction,fiction
fiction,fiction
fiction,fiction
fiction,fiction
fiction,fiction
fiction,fiction
fiction,fiction
fiction,fiction
fiction,fiction
fiction,fiction
fiction,fiction
fiction,fiction
fiction,fiction
fiction,fiction
fiction,fiction
fiction,fiction
fiction,fiction
fiction,fiction
fiction,fiction
fiction,fiction
fiction,fiction
fiction,fiction
fiction,fiction
fiction,fiction
fiction,fiction
fiction,fiction
fiction,fiction
fiction,fiction
fiction,fiction
fiction,fiction
fiction,fiction
fiction,fiction
fiction,fiction
fiction,fiction
fiction,fiction
fiction,fiction
fiction,fiction
fiction,fiction
fiction,fiction
fiction,fiction
fiction,fiction
fiction,fiction
fiction,fiction
fiction,fiction
fiction,fiction
fiction,fiction
fiction,fiction
fiction,fiction
fiction,fiction
fiction,fiction
fiction,fiction
fiction,fiction
fiction,fiction
fiction,fiction
fiction,fiction
fiction,fiction
fiction,fiction
fiction,fiction
fiction,fiction
fiction,fiction
fiction,fiction
fiction,fiction
fiction,fiction
fiction,fiction
fiction,fiction
fiction,fiction
fiction,fiction
fiction,fiction
fiction,fiction
fiction,fiction
fiction,fiction
fiction,fiction
fiction,fiction
fiction,fiction
fiction,fiction
fiction,fiction
fiction,fiction
fiction,fiction
fiction,fiction
fiction,fiction
fiction,fiction
fiction,fiction
fiction,fiction
fiction,fiction
fiction,fiction
fiction,fiction
fiction,fiction
fiction,fiction
fiction,fiction
fiction,fiction
fiction,fiction
fiction,fiction
fiction,fiction
fiction,fiction
fiction,fiction
fiction,fiction
fiction,fiction
fiction,fiction
fiction,fiction
fiction,fiction
fiction,fiction
fiction,fiction
fiction,fiction
fiction,fiction
fiction,fiction
fiction,fiction
fiction,fiction
fiction,fiction
fiction,fiction
fiction,fiction
fiction,fiction
fiction,fiction
fiction,fiction
fiction,fiction
fiction,fiction
fiction,fiction
fiction,fiction
fiction,fiction
fiction,nonfiction
fiction,fiction
fiction,fiction
fiction,fiction
fiction,fiction
fiction,fiction
fiction,fiction
fiction,fiction
fiction,fiction
fiction,fiction
fiction,fiction
fiction,fiction
fiction,fiction
fiction,fiction
fiction,fiction
fiction,fiction
fiction,fiction
fiction,fiction
fiction,fiction
fiction,fiction
fiction,fiction
fiction,fiction
fiction,fiction
fiction,fiction
fiction,fiction
fiction,fiction
fiction,fiction
fiction,fiction
fiction,fiction
fiction,fiction
fiction,fiction
fiction,fiction
fiction,fiction
fiction,fiction
fiction,fiction
fiction,nonfiction
fiction,fiction
fiction,fiction
fiction,fiction
fiction,fiction
fiction,fiction
fiction,fiction
fiction,fiction
fiction,fiction
fiction,fiction
fiction,fiction
fiction,fiction
fiction,fiction
fiction,nonfiction
fiction,fiction
fiction,fiction
fiction,fiction
fiction,fiction
fiction,fiction
fiction,fiction
fiction,fiction
fiction,fiction
fiction,fiction
fiction,fiction
fiction,fiction
fiction,nonfiction
fiction,fiction
fiction,fiction
fiction,fiction
fiction,fiction
fiction,fiction
fiction,fiction
fiction,fiction
fiction,fiction
fiction,fiction
fiction,fiction
fiction,fiction
fiction,fiction
fiction,fiction
fiction,fiction
fiction,fiction
fiction,fiction
fiction,fiction
fiction,fiction
fiction,fiction
fiction,fiction
fiction,fiction
fiction,fiction
fiction,fiction
fiction,fiction
fiction,fiction
fiction,fiction
nonfiction,nonfiction
nonfiction,nonfiction
nonfiction,nonfiction
nonfiction,fiction
nonfiction,nonfiction
nonfiction,fiction
nonfiction,fiction
nonfiction,fiction
nonfiction,nonfiction
nonfiction,nonfiction
nonfiction,fiction
nonfiction,fiction
nonfiction,nonfiction
nonfiction,fiction
nonfiction,nonfiction
nonfiction,fiction
nonfiction,fiction
nonfiction,fiction
nonfiction,fiction
nonfiction,fiction
nonfiction,fiction
nonfiction,nonfiction
nonfiction,nonfiction
nonfiction,fiction
nonfiction,nonfiction
nonfiction,fiction
nonfiction,fiction
nonfiction,fiction
nonfiction,nonfiction
nonfiction,fiction
nonfiction,nonfiction
nonfiction,fiction
nonfiction,nonfiction
nonfiction,fiction
nonfiction,fiction
nonfiction,nonfiction
nonfiction,fiction
nonfiction,fiction
nonfiction,fiction
nonfiction,fiction
nonfiction,nonfiction
nonfiction,fiction
nonfiction,nonfiction
nonfiction,fiction
nonfiction,fiction
nonfiction,fiction
nonfiction,nonfiction
nonfiction,fiction
nonfiction,fiction
nonfiction,nonfiction
nonfiction,nonfiction
nonfiction,fiction
nonfiction,fiction
nonfiction,fiction
nonfiction,fiction
nonfiction,nonfiction
nonfiction,fiction
nonfiction,fiction
nonfiction,fiction
nonfiction,nonfiction
nonfiction,nonfiction
nonfiction,fiction
nonfiction,fiction
nonfiction,nonfiction
nonfiction,fiction
nonfiction,fiction
nonfiction,fiction
nonfiction,fiction
nonfiction,nonfiction
nonfiction,nonfiction
nonfiction,nonfiction
nonfiction,fiction
nonfiction,nonfiction
nonfiction,nonfiction
nonfiction,fiction
nonfiction,fiction
nonfiction,fiction
nonfiction,fiction
nonfiction,fiction
nonfiction,fiction
nonfiction,nonfiction
nonfiction,fiction
nonfiction,fiction
nonfiction,nonfiction
nonfiction,nonfiction
nonfiction,fiction
nonfiction,fiction
nonfiction,fiction
nonfiction,fiction
nonfiction,nonfiction
nonfiction,fiction
nonfiction,fiction
nonfiction,fiction
nonfiction,fiction
nonfiction,nonfiction
nonfiction,fiction
nonfiction,fiction
nonfiction,nonfiction
nonfiction,fiction
nonfiction,nonfiction
nonfiction,fiction
nonfiction,nonfiction
nonfiction,fiction
nonfiction,fiction
nonfiction,fiction
nonfiction,fiction
nonfiction,fiction
nonfiction,fiction
nonfiction,fiction
nonfiction,nonfiction
nonfiction,nonfiction
nonfiction,nonfiction
nonfiction,fiction
nonfiction,fiction
nonfiction,nonfiction
nonfiction,fiction
nonfiction,nonfiction
nonfiction,fiction
nonfiction,nonfiction
nonfiction,fiction
nonfiction,nonfiction
nonfiction,fiction
nonfiction,fiction
nonfiction,fiction
nonfiction,fiction
nonfiction,nonfiction
nonfiction,nonfiction
nonfiction,nonfiction
nonfiction,fiction
nonfiction,fiction
nonfiction,fiction
nonfiction,fiction
nonfiction,fiction
nonfiction,fiction
nonfiction,fiction
nonfiction,fiction
nonfiction,fiction
nonfiction,fiction
nonfiction,fiction
nonfiction,fiction
nonfiction,fiction
nonfiction,fiction
nonfiction,fiction
nonfiction,fiction
nonfiction,nonfiction
nonfiction,fiction
nonfiction,fiction
nonfiction,nonfiction
nonfiction,fiction
nonfiction,fiction
nonfiction,nonfiction
nonfiction,nonfiction
nonfiction,fiction
nonfiction,fiction
nonfiction,fiction
nonfiction,fiction
nonfiction,nonfiction
nonfiction,fiction
nonfiction,nonfiction
nonfiction,nonfiction
nonfiction,nonfiction
nonfiction,fiction
nonfiction,nonfiction
nonfiction,fiction
nonfiction,nonfiction
nonfiction,nonfiction
nonfiction,nonfiction
nonfiction,nonfiction
nonfiction,nonfiction
nonfiction,fiction
nonfiction,fiction
nonfiction,nonfiction
nonfiction,nonfiction
nonfiction,nonfiction
nonfiction,fiction
nonfiction,nonfiction
nonfiction,nonfiction
nonfiction,fiction
nonfiction,nonfiction
nonfiction,nonfiction
nonfiction,fiction
nonfiction,fiction
nonfiction,nonfiction
nonfiction,nonfiction
nonfiction,nonfiction
nonfiction,nonfiction
nonfiction,nonfiction
nonfiction,fiction
nonfiction,nonfiction
nonfiction,fiction
nonfiction,fiction
nonfiction,fiction
nonfiction,nonfiction
nonfiction,fiction
nonfiction,fiction
nonfiction,nonfiction
nonfiction,fiction
nonfiction,fiction
nonfiction,fiction
nonfiction,fiction
nonfiction,nonfiction
nonfiction,fiction
nonfiction,nonfiction
nonfiction,fiction
nonfiction,nonfiction
nonfiction,nonfiction
nonfiction,fiction
nonfiction,nonfiction
nonfiction,fiction
nonfiction,fiction
nonfiction,fiction
nonfiction,fiction
nonfiction,nonfiction
nonfiction,nonfiction
nonfiction,nonfiction
nonfiction,nonfiction
nonfiction,fiction
nonfiction,nonfiction
nonfiction,fiction
nonfiction,nonfiction
nonfiction,fiction
nonfiction,fiction
nonfiction,fiction
nonfiction,nonfiction
nonfiction,nonfiction
nonfiction,nonfiction
nonfiction,nonfiction
nonfiction,nonfiction
nonfiction,nonfiction
nonfiction,fiction
nonfiction,fiction
nonfiction,fiction
nonfiction,fiction
nonfiction,nonfiction
nonfiction,fiction
nonfiction,fiction
nonfiction,nonfiction
nonfiction,fiction
nonfiction,nonfiction
nonfiction,nonfiction
nonfiction,fiction
nonfiction,fiction
nonfiction,fiction
nonfiction,fiction
nonfiction,fiction
nonfiction,nonfiction
nonfiction,fiction
nonfiction,nonfiction
nonfiction,fiction
nonfiction,nonfiction
nonfiction,nonfiction
nonfiction,fiction
nonfiction,fiction
nonfiction,nonfiction
nonfiction,nonfiction
nonfiction,fiction
nonfiction,fiction
nonfiction,nonfiction
nonfiction,fiction
nonfiction,fiction
nonfiction,fiction
nonfiction,fiction
nonfiction,nonfiction
nonfiction,nonfiction
nonfiction,fiction
nonfiction,nonfiction
nonfiction,fiction
nonfiction,nonfiction
nonfiction,fiction
nonfiction,nonfiction
nonfiction,nonfiction
nonfiction,fiction
nonfiction,fiction
nonfiction,fiction
nonfiction,fiction
nonfiction,fiction
nonfiction,fiction
nonfiction,fiction
nonfiction,nonfiction
nonfiction,fiction
nonfiction,nonfiction
nonfiction,nonfiction
nonfiction,nonfiction
nonfiction,fiction
nonfiction,fiction
nonfiction,nonfiction
nonfiction,nonfiction
nonfiction,fiction
nonfiction,nonfiction
nonfiction,fiction
nonfiction,fiction
nonfiction,fiction
nonfiction,fiction
nonfiction,nonfiction
nonfiction,nonfiction
nonfiction,nonfiction
nonfiction,fiction
nonfiction,fiction
nonfiction,nonfiction
nonfiction,fiction
